INSERT INTO PROFILES(ID, NAME, ID_STATE, CREATED_AT, UPDATED_AT, CREATED_BY, UPDATED_BY) VALUES (1, 'Administrador de RGSEAA', 1, SYSTIMESTAMP, SYSTIMESTAMP, 1, 6);
INSERT INTO PROFILES(ID, NAME, ID_STATE, CREATED_AT, UPDATED_AT, CREATED_BY, UPDATED_BY) VALUES (3, 'Administrador de ámbito', 1, DATE '2022-06-01', DATE '2022-12-01', 1, 1);

INSERT INTO LANGUAGES (COD_ISO_639, NAME, ID_STATE) VALUES ('es', 'ESPAÑOL', 1);

INSERT INTO ENTITIES_TYPES (ID, ID_STATE, NAME, DESCRIPTION, CREATED_AT, UPDATED_AT, CREATED_BY, UPDATED_BY)
VALUES (1, 1, 'Entidad pública', 'Agencia de la administración pública', DATE '2023-11-01', DATE '2023-01-10', 1, 6);

INSERT INTO ENTITIES_TYPES (ID, ID_STATE, NAME, DESCRIPTION, CREATED_AT, UPDATED_AT, CREATED_BY, UPDATED_BY)
VALUES (2, 1, 'Comunidad autónoma', 'Unidad administrativa', DATE '2023-11-01', DATE '2023-11-01', 1, 1);

INSERT INTO ENTITIES (ID, NAME, DESCRIPTION, CODE, ID_TYPE, POSTAL_CODE, ADDRESS, CONTACT_PERSON, PHONE, EMAIL, ROOT_ENTITY, ID_STATE, CREATED_AT, UPDATED_AT, CREATED_BY, UPDATED_BY)
VALUES (1, 'Agencia española de seguridad alimentaria y nutrición', 'Agencia española de seguridad alimentaria y nutrición', 'AESAN', 1, '28000', 'C/ Alcalá 56', 'Administrador RGSEAA', '012345679', 'soporte_RGSEAA@aesan.gob.es', 1, 1, DATE '2023-11-01', DATE '2023-11-01', 1, 1);
INSERT INTO ENTITIES (ID, NAME, DESCRIPTION, CODE, ID_TYPE, POSTAL_CODE, ADDRESS, CONTACT_PERSON, PHONE, EMAIL, ROOT_ENTITY, ID_STATE, CREATED_AT, UPDATED_AT, CREATED_BY, UPDATED_BY)
VALUES (2, 'Andalucía', 'Andalucía','AND', 2, 'S/N', 'S/N', 'Administrador RGSEAA', '622622622', 'soporte_RGSEAA@aesan.gob.es', 0, 1, DATE '2022-06-01', DATE '2023-10-27', 1, 28);
INSERT INTO ENTITIES (ID, NAME, DESCRIPTION, CODE, ID_TYPE, POSTAL_CODE, ADDRESS, CONTACT_PERSON, PHONE, EMAIL, ROOT_ENTITY, ID_STATE, CREATED_AT, UPDATED_AT, CREATED_BY, UPDATED_BY)
VALUES (3, 'Aragón', 'Aragón','ARA', 2, 'S/N', 'S/N', 'Administrador RGSEAA', '612123123', 'soporte_RGSEAA@aesan.gob.es', 0, 1, DATE '2022-06-01', DATE '2023-01-17', 1, 6);
INSERT INTO ENTITIES (ID, NAME, DESCRIPTION, CODE, ID_TYPE, POSTAL_CODE, ADDRESS, CONTACT_PERSON, PHONE, EMAIL, ROOT_ENTITY, ID_STATE, CREATED_AT, UPDATED_AT, CREATED_BY, UPDATED_BY)
VALUES (4, 'Asturias, Principado de', 'Asturias, Principado de','AST', 2, 'S/N', 'S/N', 'Administrador RGSEAA', '612123123', 'soporte_RGSEAA@aesan.gob.es', 0, 1, DATE '2022-06-01', DATE '2022-06-01', 1, 1);
INSERT INTO ENTITIES (ID, NAME, DESCRIPTION, CODE, ID_TYPE, POSTAL_CODE, ADDRESS, CONTACT_PERSON, PHONE, EMAIL, ROOT_ENTITY, ID_STATE, CREATED_AT, UPDATED_AT, CREATED_BY, UPDATED_BY)
VALUES (5, 'Baleares, Islas', 'Baleares, Islas','BAL', 2, 'S/N', 'S/N', 'Administrador RGSEAA', '612123123', 'soporte_RGSEAA@aesan.gob.es', 0, 1, DATE '2022-06-01', DATE '2022-06-01', 1, 1);
INSERT INTO ENTITIES (ID, NAME, DESCRIPTION, CODE, ID_TYPE, POSTAL_CODE, ADDRESS, CONTACT_PERSON, PHONE, EMAIL, ROOT_ENTITY, ID_STATE, CREATED_AT, UPDATED_AT, CREATED_BY, UPDATED_BY)
VALUES (6, 'Canarias', 'Canarias','CAN', 2, 'S/N', 'S/N', 'Administrador RGSEAA', '612123123', 'soporte_RGSEAA@aesan.gob.es', 0, 1, DATE '2022-06-01', DATE '2022-06-01', 1, 1);
INSERT INTO ENTITIES (ID, NAME, DESCRIPTION, CODE, ID_TYPE, POSTAL_CODE, ADDRESS, CONTACT_PERSON, PHONE, EMAIL, ROOT_ENTITY, ID_STATE, CREATED_AT, UPDATED_AT, CREATED_BY, UPDATED_BY)
VALUES (7, 'Cantabria', 'Cantabria','CNT', 2, 'S/N', 'S/N', 'Administrador RGSEAA', '612123123', 'soporte_RGSEAA@aesan.gob.es', 0, 1, DATE '2022-06-01', DATE '2022-06-01', 1, 1);
INSERT INTO ENTITIES (ID, NAME, DESCRIPTION, CODE, ID_TYPE, POSTAL_CODE, ADDRESS, CONTACT_PERSON, PHONE, EMAIL, ROOT_ENTITY, ID_STATE, CREATED_AT, UPDATED_AT, CREATED_BY, UPDATED_BY)
VALUES (8, 'Castilla y León', 'Castilla y León','CYL', 2, 'S/N', 'S/N', 'Administrador RGSEAA', '612123123', 'soporte_RGSEAA@aesan.gob.es', 0, 1, DATE '2022-06-01', DATE '2022-06-01', 1, 1);
INSERT INTO ENTITIES (ID, NAME, DESCRIPTION, CODE, ID_TYPE, POSTAL_CODE, ADDRESS, CONTACT_PERSON, PHONE, EMAIL, ROOT_ENTITY, ID_STATE, CREATED_AT, UPDATED_AT, CREATED_BY, UPDATED_BY)
VALUES (9, 'Castilla - La Mancha', 'Castilla - La Mancha','CLM', 2, 'S/N', 'S/N', 'Administrador RGSEAA', '612123123', 'soporte_RGSEAA@aesan.gob.es', 0, 1, DATE '2022-06-01', DATE '2022-06-01', 1, 1);
INSERT INTO ENTITIES (ID, NAME, DESCRIPTION, CODE, ID_TYPE, POSTAL_CODE, ADDRESS, CONTACT_PERSON, PHONE, EMAIL, ROOT_ENTITY, ID_STATE, CREATED_AT, UPDATED_AT, CREATED_BY, UPDATED_BY)
VALUES (10, 'Cataluña', 'Cataluña','CAT', 2, 'S/N', 'S/N', 'Administrador RGSEAA', '612123123', 'soporte_RGSEAA@aesan.gob.es', 0, 1, DATE '2022-06-01', DATE '2022-06-01', 1, 1);
INSERT INTO ENTITIES (ID, NAME, DESCRIPTION, CODE, ID_TYPE, POSTAL_CODE, ADDRESS, CONTACT_PERSON, PHONE, EMAIL, ROOT_ENTITY, ID_STATE, CREATED_AT, UPDATED_AT, CREATED_BY, UPDATED_BY)
VALUES (11, 'Valenciana Comunidad', 'Valenciana Comunidad','VAL', 2, 'S/N', 'S/N', 'Administrador RGSEAA', '612123123', 'soporte_RGSEAA@aesan.gob.es', 0, 1, DATE '2022-06-01', DATE '2022-06-01', 1, 1);
INSERT INTO ENTITIES (ID, NAME, DESCRIPTION, CODE, ID_TYPE, POSTAL_CODE, ADDRESS, CONTACT_PERSON, PHONE, EMAIL, ROOT_ENTITY, ID_STATE, CREATED_AT, UPDATED_AT, CREATED_BY, UPDATED_BY)
VALUES (12, 'Extremadura', 'Extremadura','EXT', 2, 'S/N', 'S/N', 'Administrador RGSEAA', '612123123', 'soporte_RGSEAA@aesan.gob.es', 0, 1, DATE '2022-06-01', DATE '2022-06-01', 1, 1);
INSERT INTO ENTITIES (ID, NAME, DESCRIPTION, CODE, ID_TYPE, POSTAL_CODE, ADDRESS, CONTACT_PERSON, PHONE, EMAIL, ROOT_ENTITY, ID_STATE, CREATED_AT, UPDATED_AT, CREATED_BY, UPDATED_BY)
VALUES (13, 'Galicia', 'Galicia', 'GAL', 2, 'S/N', 'S/N', 'Administrador RGSEAA', '612123123', 'soporte_RGSEAA@aesan.gob.es', 0, 1, DATE '2022-06-01', DATE '2022-06-01', 1, 1);
INSERT INTO ENTITIES (ID, NAME, DESCRIPTION, CODE, ID_TYPE, POSTAL_CODE, ADDRESS, CONTACT_PERSON, PHONE, EMAIL, ROOT_ENTITY, ID_STATE, CREATED_AT, UPDATED_AT, CREATED_BY, UPDATED_BY)
VALUES (14, 'Madrid, Comunidad de', 'Madrid, Comunidad de', 'MAD', 2, 'S/N', 'S/N', 'Administrador RGSEAA', '612123123', 'soporte_RGSEAA@aesan.gob.es', 0, 1, DATE '2022-06-01', DATE '2022-06-01', 1, 1);
INSERT INTO ENTITIES (ID, NAME, DESCRIPTION, CODE, ID_TYPE, POSTAL_CODE, ADDRESS, CONTACT_PERSON, PHONE, EMAIL, ROOT_ENTITY, ID_STATE, CREATED_AT, UPDATED_AT, CREATED_BY, UPDATED_BY)
VALUES (15, 'Murcia, Región de', 'Murcia, Región de','MUR', 2, 'S/N', 'S/N', 'Administrador RGSEAA', '612123123', 'soporte_RGSEAA@aesan.gob.es', 0, 1, DATE '2022-06-01', DATE '2022-06-01', 1, 1);
INSERT INTO ENTITIES (ID, NAME, DESCRIPTION, CODE, ID_TYPE, POSTAL_CODE, ADDRESS, CONTACT_PERSON, PHONE, EMAIL, ROOT_ENTITY, ID_STATE, CREATED_AT, UPDATED_AT, CREATED_BY, UPDATED_BY)
VALUES (16, 'Navarra, Comunidad Foral de', 'Navarra, Comunidad Foral de','NAV', 2, 'S/N', 'S/N', 'Administrador RGSEAA', '612123123', 'soporte_RGSEAA@aesan.gob.es', 0, 1, DATE '2022-06-01', DATE '2022-06-01', 1, 1);
INSERT INTO ENTITIES (ID, NAME, DESCRIPTION, CODE, ID_TYPE, POSTAL_CODE, ADDRESS, CONTACT_PERSON, PHONE, EMAIL, ROOT_ENTITY, ID_STATE, CREATED_AT, UPDATED_AT, CREATED_BY, UPDATED_BY)
VALUES (17, 'País Vasco', 'País Vasco','EUS', 2, 'S/N', 'S/N', 'Administrador RGSEAA', '612123123', 'soporte_RGSEAA@aesan.gob.es', 0, 1, DATE '2022-06-01', DATE '2022-06-01', 1, 1);
INSERT INTO ENTITIES (ID, NAME, DESCRIPTION, CODE, ID_TYPE, POSTAL_CODE, ADDRESS, CONTACT_PERSON, PHONE, EMAIL, ROOT_ENTITY, ID_STATE, CREATED_AT, UPDATED_AT, CREATED_BY, UPDATED_BY)
VALUES (18, 'Rioja, La', 'Rioja, La','RIO', 2, 'S/N', 'S/N', 'Administrador RGSEAA', '612123123', 'soporte_RGSEAA@aesan.gob.es', 0, 1, DATE '2022-06-01', DATE '2022-06-01', 1, 1);
INSERT INTO ENTITIES (ID, NAME, DESCRIPTION, CODE, ID_TYPE, POSTAL_CODE, ADDRESS, CONTACT_PERSON, PHONE, EMAIL, ROOT_ENTITY, ID_STATE, CREATED_AT, UPDATED_AT, CREATED_BY, UPDATED_BY)
VALUES (19, 'Ceuta', 'Ceuta','CEU', 2, 'S/N', 'S/N', 'Administrador RGSEAA', '612123123', 'soporte_RGSEAA@aesan.gob.es', 0, 1, DATE '2022-06-01', DATE '2022-06-01', 1, 1);
INSERT INTO ENTITIES (ID, NAME, DESCRIPTION, CODE, ID_TYPE, POSTAL_CODE, ADDRESS, CONTACT_PERSON, PHONE, EMAIL, ROOT_ENTITY, ID_STATE, CREATED_AT, UPDATED_AT, CREATED_BY, UPDATED_BY)
VALUES (20, 'Melilla', 'Melilla','MEL', 2, 'S/N', 'S/N', 'Administrador RGSEAA', '612123123', 'soporte_RGSEAA@aesan.gob.es', 0, 1, DATE '2022-06-01', DATE '2022-06-01', 1, 1);




INSERT INTO MODULES_TYPES (ID, ID_STATE, CREATED_AT, UPDATED_AT, CREATED_BY, UPDATED_BY) VALUES (1, 1, DATE '2023-11-01', DATE '2023-11-01', 1, 1);
INSERT INTO MODULES_TYPES (ID, ID_STATE, CREATED_AT, UPDATED_AT, CREATED_BY, UPDATED_BY) VALUES (2, 1, DATE '2023-11-01', DATE '2023-11-01', 1, 6);
INSERT INTO MODULES_TYPES (ID, ID_STATE, CREATED_AT, UPDATED_AT, CREATED_BY, UPDATED_BY) VALUES (3, 1, DATE '2023-11-01', DATE '2023-11-01', 1, 1);

INSERT INTO MODULES_TYPES_LANGUAGES(ID, ID_LANGUAGE, DESCRIPTION, NAME) VALUES (1,(SELECT ID FROM LANGUAGES WHERE COD_ISO_639='es'),'MODULO 1','MODULO 1');

INSERT INTO MODULES (ID, ID_TYPE, ID_STATE, CODE, CREATED_AT, UPDATED_AT, CREATED_BY, UPDATED_BY) VALUES (1, 1, 1, 'EMPR', DATE '2023-11-01', DATE '2023-11-01', 1, 1);
INSERT INTO MODULES (ID, ID_TYPE, ID_STATE, CODE, CREATED_AT, UPDATED_AT, CREATED_BY, UPDATED_BY) VALUES (2, 1, 1, 'FIRM', DATE '2023-11-01', DATE '2023-11-01', 1, 1);

INSERT INTO MODULES_LANGUAGES (ID, ID_LANGUAGE, NAME, DESCRIPTION) VALUES (1, (SELECT ID FROM LANGUAGES WHERE COD_ISO_639='es'), 'EMPRESAS', 'Modulo de Empresas');


INSERT INTO USERS (ID, NIF, NAME, FIRST_SURNAME,SECOND_SURNAME, PHONE, EMAIL, ID_STATE, CREATED_AT, UPDATED_AT, CREATED_BY, UPDATED_BY) VALUES (0, '99999018D', 'CIUDADANO', 'ACTIVO', 'FICTICIO', '611123123', 'RGSEAA@aesan.gob.es', 1, DATE '2023-11-01', TIMESTAMP '2023-11-10 10:48:30', 1, 1);
INSERT INTO USERS (ID, NIF, NAME, FIRST_SURNAME,SECOND_SURNAME, PHONE, EMAIL, ID_STATE, CREATED_AT, UPDATED_AT, CREATED_BY, UPDATED_BY) VALUES (1, '00000000T', 'RGSEAA', 'SYSTEM', null, '611123123', 'RGSEAA@aesan.gob.es', 1, DATE '2023-11-01', TIMESTAMP '2023-11-10 10:48:30', 1, 1);
INSERT INTO USERS (ID, NIF, NAME, FIRST_SURNAME,SECOND_SURNAME, PHONE, EMAIL, ID_STATE, CREATED_AT, UPDATED_AT, CREATED_BY, UPDATED_BY) VALUES (2, '75167143S', 'Alejandro', 'Jiménez', 'González', '611123123', 'ajimenez@serikat.es', 1, DATE '2022-06-01', TIMESTAMP '2023-11-10 10:18:55', 1, 2);


INSERT INTO USERS_MODELS(ID, ID_STATE, CREATED_AT, CREATED_BY, UPDATED_AT, UPDATED_BY, ID_MODULE, ID_USER) VALUES (1,1,DATE '2023-11-01',1,DATE '2023-11-01',1,1,1);
INSERT INTO USERS_MODELS(ID, ID_STATE, CREATED_AT, CREATED_BY, UPDATED_AT, UPDATED_BY, ID_MODULE, ID_USER)VALUES (2,1,DATE '2023-11-01',1,DATE '2023-11-01',1,2,1);

INSERT INTO USERS_ENTITIES(ID_ENTITY, ID_USER, ID_STATE, SCOPE_CODE) VALUES(1,1,1,'#1#2#');
INSERT INTO USERS_ENTITIES(ID_ENTITY, ID_USER, ID_STATE, SCOPE_CODE) VALUES(2,2,1,'#2#2#');

INSERT INTO USERS_PROFILES(ID, ID_STATE, CREATED_AT, CREATED_BY, UPDATED_AT, UPDATED_BY, ID_PROFILE, ID_USER) VALUES (0,1,DATE '2023-11-01',1,DATE '2023-11-01',1,1,0);
INSERT INTO USERS_PROFILES(ID, ID_STATE, CREATED_AT, CREATED_BY, UPDATED_AT, UPDATED_BY, ID_PROFILE, ID_USER) VALUES (1,1,DATE '2023-11-01',1,DATE '2023-11-01',1,1,1);
INSERT INTO USERS_PROFILES(ID, ID_STATE, CREATED_AT, CREATED_BY, UPDATED_AT, UPDATED_BY, ID_PROFILE, ID_USER) VALUES (2,1,DATE '2023-11-01',1,DATE '2023-11-01',1,1,2);

INSERT INTO PERMISSIONS (ID, CODE, ID_STATE, CREATED_AT, UPDATED_AT, CREATED_BY, UPDATED_BY) VALUES (1, 'R_USERS', 1, DATE '2023-11-01', DATE '2023-11-01', 1, 1);
INSERT INTO PERMISSIONS (ID, CODE, ID_STATE, CREATED_AT, UPDATED_AT, CREATED_BY, UPDATED_BY) VALUES (2, 'X_USERS', 1, DATE '2023-11-01', DATE '2023-11-01', 2, 2);
INSERT INTO PERMISSIONS (ID, CODE, ID_STATE, CREATED_AT, UPDATED_AT, CREATED_BY, UPDATED_BY) VALUES (3, 'R_PROFILES', 1, DATE '2023-11-01', DATE '2023-11-01', 1, 1);
INSERT INTO PERMISSIONS (ID, CODE, ID_STATE, CREATED_AT, UPDATED_AT, CREATED_BY, UPDATED_BY) VALUES (4, 'X_PROFILES', 1, DATE '2023-11-01', DATE '2023-11-01', 2, 2);
INSERT INTO PERMISSIONS (ID, CODE, ID_STATE, CREATED_AT, UPDATED_AT, CREATED_BY, UPDATED_BY) VALUES (5, 'R_ENTITIES', 1, DATE '2023-11-01', DATE '2023-11-01', 1, 1);
INSERT INTO PERMISSIONS (ID, CODE, ID_STATE, CREATED_AT, UPDATED_AT, CREATED_BY, UPDATED_BY) VALUES (6, 'X_ENTITIES', 1, DATE '2023-11-01', DATE '2023-11-01', 1, 1);
INSERT INTO PERMISSIONS (ID, CODE, ID_STATE, CREATED_AT, UPDATED_AT, CREATED_BY, UPDATED_BY) VALUES (7, 'R_PRODUCT', 1, DATE '2023-11-01', DATE '2023-11-01', 1, 1);
INSERT INTO PERMISSIONS (ID, CODE, ID_STATE, CREATED_AT, UPDATED_AT, CREATED_BY, UPDATED_BY) VALUES (8, 'X_PRODUCT', 1, DATE '2023-11-01', DATE '2023-11-01', 1, 1);
INSERT INTO PERMISSIONS (ID, CODE, ID_STATE, CREATED_AT, UPDATED_AT, CREATED_BY, UPDATED_BY) VALUES (9, 'R_INDUSTRY', 1, DATE '2023-11-01', DATE '2023-11-01', 1, 1);
INSERT INTO PERMISSIONS (ID, CODE, ID_STATE, CREATED_AT, UPDATED_AT, CREATED_BY, UPDATED_BY) VALUES (10, 'X_INDUSTRY', 1, DATE '2023-11-01', DATE '2023-11-01', 1, 1);
INSERT INTO PERMISSIONS (ID, CODE, ID_STATE, CREATED_AT, UPDATED_AT, CREATED_BY, UPDATED_BY) VALUES (11, 'R_LIST', 1, DATE '2023-11-01', DATE '2023-11-01', 1, 1);
INSERT INTO PERMISSIONS (ID, CODE, ID_STATE, CREATED_AT, UPDATED_AT, CREATED_BY, UPDATED_BY) VALUES (12, 'X_LIST', 1, DATE '2023-11-01', DATE '2023-11-01', 1, 1);



INSERT INTO PERMISSIONS_LANGUAGE (ID, ID_LANGUAGE, NAME, DESCRIPTION) VALUES (1, (SELECT ID FROM LANGUAGES WHERE COD_ISO_639='es'), 'Consulta usuarios', 'Permite listar los usuarios disponibles, limitado por ámbito');
INSERT INTO PERMISSIONS_LANGUAGE (ID, ID_LANGUAGE, NAME, DESCRIPTION) VALUES (2, (SELECT ID FROM LANGUAGES WHERE COD_ISO_639='es'), 'Gestión usuarios', 'Permite crear/modificar los datos de un usuario.');
INSERT INTO PERMISSIONS_LANGUAGE (ID, ID_LANGUAGE, NAME, DESCRIPTION) VALUES (3, (SELECT ID FROM LANGUAGES WHERE COD_ISO_639='es'), 'Consulta perfiles', 'Permite listar todos los perfiles disponibles, limitado por ámbito');
INSERT INTO PERMISSIONS_LANGUAGE (ID, ID_LANGUAGE, NAME, DESCRIPTION) VALUES (4, (SELECT ID FROM LANGUAGES WHERE COD_ISO_639='es'), 'Gestión perfiles', 'Permite crear/modificar un perfil. Permite asociar los permisos a un perfil.');
INSERT INTO PERMISSIONS_LANGUAGE (ID, ID_LANGUAGE, NAME, DESCRIPTION) VALUES (5, (SELECT ID FROM LANGUAGES WHERE COD_ISO_639='es'), 'Consulta entidades', 'Permite listar entidades');
INSERT INTO PERMISSIONS_LANGUAGE (ID, ID_LANGUAGE, NAME, DESCRIPTION) VALUES (6, (SELECT ID FROM LANGUAGES WHERE COD_ISO_639='es'), 'Gestión entidades', 'Permite crear/modificar entidades');
INSERT INTO PERMISSIONS_LANGUAGE (ID, ID_LANGUAGE, NAME, DESCRIPTION) VALUES (7, (SELECT ID FROM LANGUAGES WHERE COD_ISO_639='es'), 'Consulta Producto', 'Permite listar productos');
INSERT INTO PERMISSIONS_LANGUAGE (ID, ID_LANGUAGE, NAME, DESCRIPTION) VALUES (8, (SELECT ID FROM LANGUAGES WHERE COD_ISO_639='es'), 'Gestión Producto', 'Permite crear/modificar productos');
INSERT INTO PERMISSIONS_LANGUAGE (ID, ID_LANGUAGE, NAME, DESCRIPTION) VALUES (9, (SELECT ID FROM LANGUAGES WHERE COD_ISO_639='es'), 'Consulta Empresa', 'Permite listar empresas');
INSERT INTO PERMISSIONS_LANGUAGE (ID, ID_LANGUAGE, NAME, DESCRIPTION) VALUES (10, (SELECT ID FROM LANGUAGES WHERE COD_ISO_639='es'), 'Gestión Empresa', 'Permite crear/modificar empresas');
INSERT INTO PERMISSIONS_LANGUAGE (ID, ID_LANGUAGE, NAME, DESCRIPTION) VALUES (11, (SELECT ID FROM LANGUAGES WHERE COD_ISO_639='es'), 'Consulta Listados', 'Permite listar empresas');
INSERT INTO PERMISSIONS_LANGUAGE (ID, ID_LANGUAGE, NAME, DESCRIPTION) VALUES (12, (SELECT ID FROM LANGUAGES WHERE COD_ISO_639='es'), 'Gestion Listados', 'Permite crear/modificar empresas');


INSERT INTO PROFILES_PERMISSIONS (ID, ID_STATE, CREATED_AT, CREATED_BY, UPDATED_AT, UPDATED_BY, ID_PERMISSION, ID_PROFILE) VALUES (1,1,SYSTIMESTAMP,1,SYSTIMESTAMP,1,1,1);
INSERT INTO PROFILES_PERMISSIONS (ID, ID_STATE, CREATED_AT, CREATED_BY, UPDATED_AT, UPDATED_BY, ID_PERMISSION, ID_PROFILE) VALUES (2,1,SYSTIMESTAMP,1,SYSTIMESTAMP,1,2,1);
INSERT INTO PROFILES_PERMISSIONS (ID, ID_STATE, CREATED_AT, CREATED_BY, UPDATED_AT, UPDATED_BY, ID_PERMISSION, ID_PROFILE) VALUES (3,1,SYSTIMESTAMP,1,SYSTIMESTAMP,1,3,1);
INSERT INTO PROFILES_PERMISSIONS (ID, ID_STATE, CREATED_AT, CREATED_BY, UPDATED_AT, UPDATED_BY, ID_PERMISSION, ID_PROFILE) VALUES (4,1,SYSTIMESTAMP,1,SYSTIMESTAMP,1,4,1);
INSERT INTO PROFILES_PERMISSIONS (ID, ID_STATE, CREATED_AT, CREATED_BY, UPDATED_AT, UPDATED_BY, ID_PERMISSION, ID_PROFILE) VALUES (5,1,SYSTIMESTAMP,1,SYSTIMESTAMP,1,5,1);
INSERT INTO PROFILES_PERMISSIONS (ID, ID_STATE, CREATED_AT, CREATED_BY, UPDATED_AT, UPDATED_BY, ID_PERMISSION, ID_PROFILE) VALUES (6,1,SYSTIMESTAMP,1,SYSTIMESTAMP,1,6,1);
